"id","link","title","publish_date","summary"
"1","https://zhuanlan.zhihu.com/p/411427024","银行贷款具体流程是什么？主要有这5大环节! - 知乎","7/7/2024 23:31:25.850653","银行贷款总的流程可以分为 贷款的受理与调查 、贷款的审查与审批、 贷款的签收与发放 、贷款的支付、 贷后管理 5大环节。. 申请银行贷款过程中的具体流程分别是什么样的，以及申请银行贷款过程中具体有哪些需要注意的点，已经集中为大家整理好了，绝对干货! 一、贷款的受理与调查"
"2","https://zhuanlan.zhihu.com/p/308778621","各银行信用贷款申请条件以及流程 - 知乎 - 知乎专栏","3/3/2024 23:31:25.855899","本文章更新于 2021年7月16日 现目前已统计7家银行，后期会覆盖更多银行。 现在想要申请银行的贷款其实很简单，全程app 申请，资料都不需要准备。 附上具体操作流程。 工商银行-融e借1.额度:600块-80万（手机银行最…"
"3","https://baijiahao.baidu.com/s?id=1819934343041841750","贷款审批流程解析：从申请到放款，贷款的各个环节如何进行？","14/11/2024 23:31:25.859948","贷款是许多人解决资金问题的常见方式，无论是购房、购车、创业，还是应急周转，贷款都能有效满足我们的资金需求。然而，许多人对贷款的审批流程并不清楚，甚至不知道每个环节如何操作，申请贷款需要准备哪些材料。"
"4","https://zh.wikihow.com/提高你的信用评分","如何提高你的信用评分: 11 步骤 - zh.wikihow.com","8/7/2024 23:31:25.864678","如何提高你的信用评分. 通常信贷公司会通过信用报告来判断客户的信用风险是否良好、是否有能力偿还贷款。你可以采取一些简单的措施来提高自己的信用评级。其中许多措施是禁止类的事项。 注意：这篇文章适用于美国。同时部分信息与其他管辖权相关，请首先核对与你所在区域是否有关。"
"5","https://www.csai.cn/loan/1410637.html","信用评分怎么提高？爆改信用评分的八招 - 希财网","21/6/2024 23:31:25.867123","信用评分提高的方法如下：1、征信不良：尽快还清逾期的欠款，后续持续保持良好的信用状态。2、征信查询次数过多：确保半年内不办理任何信贷业务。3、贷款次数较多：尽可能地结清部分贷款，可以优先结清小额贷款。4、负债率过高：提前结清大额贷款。5、工作不稳定：连续工作3个月以上再 ..."
"6","https://zhuanlan.zhihu.com/p/349557694","秒拒到秒批!5步教你快速提高综合信用评分~ - 知乎专栏","17/12/2024 23:31:25.870629","除此之外，还有这些可以有效提升综合信用分。 如何完善综合信用评分？ 1确保资料的完整性和真实性. 申请信息一定要如实填写，尽量填写完整。如果身份证号和姓名对不上，基本上就不会再进入下一步了。"
"7","https://zhuanlan.zhihu.com/p/667347012","如何选择一个适合自己的贷款产品？ - 知乎专栏","4/6/2024 23:46:54.706556","如果对 贷款市场 不熟悉，是很难找到跟自己完全匹配的产品的，所以我们家今天就来给大家讲讲如何选择一款适合自己的贷款产品。 一、明确贷款的用途和期限 . 贷款必须要有一个明确的目的，千万不要盲目。"
"8","https://zhuanlan.zhihu.com/p/29138518562","普通人如何选择最适合自己的贷款方式？2025年避坑指南与实操策略 - 知乎","23/5/2024 23:46:54.711556","在金融产品日益丰富的当下，贷款已成为普通人解决资金需求的重要工具。然而，面对复杂的贷款类型和潜在的陷阱，如何科学选择并规避风险？本文结合2025年最新政策与市场动态，从需求分析、产品匹配、风险防范等维度，提供一份实用指南。"
"9","https://www.zhihu.com/question/14025659998","如何选择适合自己的贷款产品？避免这些常见误区，让贷款更顺利!? - 知乎","7/11/2024 23:46:54.715555","在贷款的过程中，许多人都遇到过各种问题——从选择合适的贷款产品到审批过程中的一些""陷阱""。作为一名从事贷款中介多年的专业人士，今天我就来为大家解答如何避免这些常见误区，选择最适合自己的贷款方案。"
"10","https://zhuanlan.zhihu.com/p/91911632","征信报告怎么看？个人征信报告教学试解读（详细版） - 知乎","19/8/2024 23:46:54.717837","今天呆呆就来详细解读个人征信报告里都有哪些内容，有哪些需要注意的事项，详细版征信报告包含以下5项个人信息： ... 主要是通过之前本人在某申请过的贷款、或者信用卡类业务，申请银行主动向央行提交的。 ..."
"11","https://zhuanlan.zhihu.com/p/345565948","个人详细版征信报告解读(两万字长文) - 知乎 - 知乎专栏","1/11/2024 23:46:54.720247","九、报告说明. 十、编制说明. 十一、总结. 以上内容是关于个人信用报告（详细版）的详细解读，你的信用价值百万，这并不是一句空话，而信用的起步在于征信报告，一份好的征信报告可以让你在金融界自由驰骋，为个人发展插上起飞的翅膀。"
"12","https://zhuanlan.zhihu.com/p/695629989","人民银行详版个人征信报告解读（保姆级1万5千字） - 知乎","17/3/2024 23:46:54.724151","从《个人信用报告（自主查询版）解读》的定义强调""其他还款责任""和进行的列举来看，""相关还款责任""指的是个人为第三方提供保证而可能承担的或有负债或已经成立的保证责任。 ... 然后上报给征信系统，最后记录在我们的征信报告上面，所以在信用卡 ..."
"13","https://www.fangdailixi.com/","房贷计算器 房贷计算器2025年最新版 房贷利率计算器 房贷利息","17/7/2024 23:57:31.094479","房贷计算器提供LPR利率和固定利率两种计算方式，以及等额本息和等额本金两种还款方式，方便对比查看房贷利息和月供明细。输入贷款金额、房价、首付比例、期限等信息，即可得到最新的房贷利率和还款结果。"
"14","https://fin.paas.cmbchina.com/fininfo/calloanper","招商银行 -- 个人贷款计算器 - cmbchina.com","1/9/2024 23:57:31.103791","输入贷款金额、期限、年利率和还款方式，可计算按揭贷款和固定利率贷款的等额本息还款和等额本金还款的月供和总利息。数据仅供参考，以办理业务或交易实际结果为准。"
"15","https://ccb.com/chn/personal/interestv3/calculator_dk.shtml","中国建设银行-个人贷款计算器","20/1/2025 23:57:31.107315","初始化栏目：个人贷款计算器 中国建设银行，在全球范围内为台湾、香港、美国、澳大利亚等国家或地区提供全面金融服务，主要经营公司银行业务、个人银行业务和资金业务，包括居民储蓄存款、信贷资金贷款、住房类贷款、外汇、信用卡，以及投资理财等多种业务。"
"16","https://zhuanlan.zhihu.com/p/62115136","房贷提前还款，到底好不好？ - 知乎 - 知乎专栏","16/11/2024 23:57:31.110312","三、你适合提前还款吗？ 1、适合提前还款的人. ①对负债非常敏感，一想到负债就超大压力。 ②没有合适的投资渠道，理财赚的钱远不如提前还贷省下的银行利息。 ③想拿房子去做抵押投资。这种情况下，你可以提前还清贷款，解除房子在银行的抵押，再拿 ..."
"17","https://baijiahao.baidu.com/s?id=1807236736318451531","提前还房贷，到底是""聪明""还是""糊涂""？银行员工算了一笔账","12/5/2024 23:57:31.113365","首先，我们不得不提的是提前还贷最直观的效益——节省利息。房贷的利息是根据剩余本金和利率计算的，本金越少，利息自然就越少。以一笔100万、30年期限、年利率5%的房贷为例，如果采用等额本息还款方式，每月还款额约为5368元，其中利息占比较大。"
"18","https://zhuanlan.zhihu.com/p/327773911","房贷可以提前还款吗？带你分析房贷提前还款的""利与弊""？ - 知乎","17/9/2024 23:57:31.115365","享有折扣利率不适合提前还款 在银行政策里，银行所给出的房贷优惠是不一样的，房奴可能享受到7折或者8折的利率优惠，此时你正在享受折扣利率，那么一旦你选择了提前还贷，你就是自己选择弃权了这份福利，因此，享有折扣利率的房奴最好别选择提前还贷 ..."
"19","https://www.jiemian.com/article/1666739.html","拿到个人征信报告读不懂？看完这篇解析，你也能成专家|界面新闻 · JMedia","18/9/2024 23:57:31.123191","手把手教你读懂信用报告. 今天我们要解读的对象就是个人版信用报告。 先来看看个人版信用报告的组成结构： 下面详细介绍各个部分该如何解读。 （1）报告头。直接看下图相信大家都能懂。"
"20","https://zhuanlan.zhihu.com/p/11783157276","征信有逾期按着以下4个步骤去申诉，就不用再等五年了! - 知乎","29/4/2024 23:57:31.12496","如果发现征信报告上有逾期记录，想要申诉消除，可参考以下步骤： 1. 打印详版征信报告：仔细查看报告上的逾期记录，包括逾期的机构、金额、时间、原因等，以便做出对应的处理方案。需要注意的是，征信报告上显示的逾期金额可能并非真实的欠款金额，有 ..."
"21","https://www.zhihu.com/question/640224619","银行对贷款逾期的处理方式有哪些？ - 知乎","19/1/2025 23:57:31.12746","坐标郑州，郑州贷款行业从事 6 年的资深信贷员，给你分析解答。 银行的贷款逾期以后，肯定要面临催收!首先就是短信通知，电话通知，然后就是给联系人打电话协助通知还款，上门通知还款，然后就是起诉至法院，强制执行!"
"22","https://www.csai.cn/loan/1420266.html","信用贷款逾期怎么处理？不要慌，补救措施有很多 - 希财网","10/12/2024 23:57:31.129465","信用贷款逾期后的处理办法有很多，这里介绍一些常见的，希望能帮到大家。 一、及时还款. 正规贷款平台都接入了征信中心，所以逾期后会影响征信，对后续生活借贷都有不良影响。"
"23","https://zhuanlan.zhihu.com/p/93629044","一份超详细的理财入门指南 - 知乎 - 知乎专栏","22/10/2024 23:57:31.132907","理财作为一种技能，和学习任何知识一样遵循刻意练习的法则。 多学、多练、多思考，和比自己掌握的更好的人讨论，这些都是提高学习效果的通路。 正如在文章一开始说的，我学理财更多的是思维层面的收获。"
"24","https://www.zhihu.com/tardis/bd/art/437691372","理财小白如何高效理财？（含新手入门时机+风险规避+养鸡经验）","22/8/2024 23:57:31.135908","之前对于理财都是无头苍蝇，直到之前上了一位老师的课，我才有种醍醐灌醒的感觉，他就把关于基金理财讲得非常详细，而且还边教边实操。 有需要的朋友不妨点进去听一听，而且老师有15年以上的基金、股票投资实战经验总结，学完之后你对投资理财的认知 ..."
"25","https://zhuanlan.zhihu.com/p/82696752","投资理财基础知识 你一定要懂得7大理财知识 - 知乎","12/2/2025 23:57:31.137906","总觉得投资理财是""别人的事""?总想着钱不多不用理财?你这样想就亏大了!理财能帮助你实现财富稳健增长，每个人都应该学习一些理财知识。 投资理财基础知识：你一定要懂得7大理财知识 一、理财的三个环节 一个中心…"
"26","https://www.zhihu.com/question/631412958","如何合理规划和管理个人财务？ - 知乎","4/1/2025 23:57:31.139907","1.3 净现金流 每月的盈余（或赤字）情况，是判断个人或家庭是否需要调整消费结构的重要依据。. 确定财务目标 目标是财务规划的指南针。 根据时间维度，财务目标可分为： 短期目标（1-3年）：偿还信用卡欠款、购买家电、组建紧急储备金。 中期目标（3-10年）：子女教育、购房、事业发展。"
"27","https://zhuanlan.zhihu.com/p/374115506","手把手教你做个人财务分析 - 知乎 - 知乎专栏","11/10/2024 23:57:31.143427","个人（家庭）的财务分析，用的是：资产负债表、 收入支出表 ，两张表格。通过表格中不同数据之间的比率关系，来分析个人（家庭）的财务状况，然后再进行合理的理财规划。 资产负债表：反应的是个人（家庭）资产和负债在某一个时点的基本情况。"
"28","https://zhuanlan.zhihu.com/p/28627291","学会个人财务规划（入门） - 知乎专栏","3/5/2024 23:57:31.145426","如果大学时期你是个月光族，那么现在你就要开始改变你的花费习惯。将要从事公司财务管理的你，可以通过管理个人资金开始培养财务意识。（以下内容只是为初入职场的新人提供入门理财规划建议，没有深入的理财规划和投资的知识。"
"29","https://zhuanlan.zhihu.com/p/706182378","贷款逾期该怎么办？别怕!自救指南!（5000字长文收藏备用） - 知乎","26/6/2024 00:02:09.392977","关于如何把网贷置换成银行贷款可以参考这篇文章，详细介绍了置换的流程： 最后，详细介绍了贷款逾期后该怎么办，而且已经细致到了每个环节的实操，希望能够解开你关于贷款逾期的所有疑惑。如果实际还遇到了难以解决的问题，还可以来找杭州贷款菲姐。"
"30","https://www.zhihu.com/question/641383644","有什么方法可以提高个人信用评分？ - 知乎","14/9/2024 00:06:14.50361","提高个人信用评分做好下面几点! 【1】保持个人信息的稳定性，准确性. 手机号信息. 个人工作信息. 居住地址信息 【2】按时履约. 名下贷款，信用卡及时还款，切勿逾期，及时还款是守信的表现，也是能力的体现! 【3】网贷账户还清记得注销!"
"31","https://www.zhihu.com/question/283685807","公务员怎样合法合规的理财？ - 知乎","28/10/2024 00:12:51.99091","理财的话其实很多方式都可以，比如基金，黄金，股票，炒房。合不合规一是取决于你的理财时间。上班时间理财都是不合规。二是取决于是否涉嫌内幕，比如你所在行政区域有一两家a股上市企业，但你又非要频繁交易这几只股票。如果真查的话，你是说不清的。"
"32","https://www.ctax.org.cn/zt/learn20th/benshebaodao/xinwen/202301/t20230116_1127332.shtml","中国税务网 - ctax.org.cn","8/10/2024 00:12:51.994907","由于高收入群体收入中财产性收入和资本性收入占较大比重，因此应逐步将财产性收入和资本性收入等非综合所得项目纳入综合所得的征收范围之中，这样做不仅有利于提高个人所得税对高收入群体的调节力度，还可以提升个人所得税的收入规模，改进个人所得 ..."
"33","https://zhuanlan.zhihu.com/p/689848192","养老金并轨后，公务员如何理智规划财务？ - 知乎专栏","8/2/2025 00:12:51.996912","在养老金并轨政策实施后，公务员群体的养老福利模式发生了重大变化。这一改革意味着所有职业将按照统一的标准进行 养老保险 缴费和领取，从而结束了公务员过去依赖单位福利的特殊待遇。 这样的政策变动，无疑对公务员的个人财务规划提出了更高的要求。"
"34","https://book.douban.com/subject/3891587/","北京居民理财指南 - 豆瓣读书","20/3/2024 00:12:52.001629","《北京居民理财指南》是一本针对北京居民理财类的实用工具书《北京居民理财指南》和大家见面了。 基于全球金融危机爆发，国内资本市场持续低迷，广大投资者损失惨重，特别需要了解理财知识，提高理财技能：同时，也是基于目前国内缺乏一本系统普及居民理财知识，提高居民理财水平 ..."
"35","https://zhuanlan.zhihu.com/p/26291915853","2025有哪些适合高收入人群的税收优惠政策？ - 知乎专栏","7/12/2024 00:12:52.00514","到2025年，还是很多人对税务一窍不通，甚至个税申报扣除也是一知半解，多交的税从几千到几十万都有。 对高净值（收入）个人来说其实不需要太高的抗风险性，因为相较于企业，个人的历史遗留问题更多，但又没有一个可参考的税率去评判，只能在统计范畴上做问询，因此可操作的空间相对更大。"
"36","https://www.csai.cn/loan/1422075.html","如何提高综合信用评分？做到这七点，不愁分数不提升 - 希财网","4/10/2024 17:22:05.537413","如何提高综合信用评分？要从""信用分""和""综合分""两方面下功夫，通常只要做到以下几点，就不愁分数不提升：还清逾期欠款、积累良好信用、优化信贷账户、控制申贷频率、定期检查征信、稳定工作收入、避免违法欠税。"
"37","https://www.hefeilaws.com/hf/505395.html","银行贷款逾期了怎么办？最新处理办法一文看懂 - 合飞律师","27/12/2024 18:13:38.000002","银行贷款逾期处理的核心步骤与法律依据生活中难免遇到资金周转困难，导致银行贷款逾期，面对这种情况，如何合法合规应对，避免陷入更大危机？本文将结合法律规定与实操经验，为您解析关键处理办法，逾期后果：违约金与征信的双重压力银行通常会在贷款合同中明确逾期罚息和违约金的计算 ..."
